id,email,password,handle
1,awhaplington0@newyorker.com,nQ7@p@&sI4,fmcfadzean0
2,nsecker1@sciencedaily.com,rS2!{pnA/ms!5,mroutham1
3,rortas2@globo.com,zE4@}LTB'M47'O%M,mtraise2
4,chembry3@vistaprint.com,hS6{ZRU3nQq}Q7N,nhyman3
5,sharner4@bing.com,lH8'}PmQ(g|1,ceastgate4
6,swillcock5@ask.com,eW5'P(q1Im&,tinett5
7,ctatlow6@imageshack.us,yX9+=Ac_''W)iJ,dsanpher6
8,tmeakin7@sohu.com,pM2@|'Oh2K}<,kshirrell7
9,boiseau8@eventbrite.com,hE7{n/Uy&!ljG,ehartrick8
10,emctrustey9@myspace.com,qR4'+uYQTQZ,fioannou9
11,krosea@devhub.com,gK7*0c.IE,bseydlitza
12,gwhylieb@sina.com.cn,"nY4""3%)8N9I",mscarffb
13,hfryc@nsw.gov.au,"fH0%VO,!1F(e}o?",hpeekc
14,kedmottd@yale.edu,tJ2?>U$vVu,ccourtind
15,svaskine@usa.gov,fI6_?U?M2pDd%,ecarlowe
16,snewvillf@upenn.edu,rO0{v(R!?1D,cbonafantf
17,dmurrhardtg@51.la,kZ4>}./}_=hA,rcottong
18,mdevash@amazon.co.jp,qE3_{4g6IWM|@|,emievilleh
19,wgrundlei@europa.eu,"bB0$H52RS_""",tcarrigani
20,bbuddenj@bloglovin.com,"oL5@,|.sIAh<?$gT",criddlerj
21,ddollek@netscape.com,cK5=}mD~|K|,jcoltmank
22,wfaustl@mozilla.org,eM2<KtOX7Qj7`yf&,cguitonl
23,rwelsbym@craigslist.org,"rR2,!8W=q$7#*b8t",calywenm
24,cpetraitisn@homestead.com,kS4\lrh8_Yr,pnottinghamn
25,jchatelaino@nyu.edu,zA9@6X<RRiG2,calldiso
26,fvassbenderp@redcross.org,cF0<FGB8,dwagerfieldp
27,rmurrhardtq@microsoft.com,oH8@hsZAUlJeAgo,vranshawq
28,gstogillr@sbwire.com,tP0>$M>lg(X,ktonbridger
29,atees@army.mil,uM8>`B*X_',cnockellss
30,mbaynest@biblegateway.com,kW9|S~!8_O~n,brubicat
31,pbusseu@biblegateway.com,bL8$A6E/A,rmilleru
32,cbeckersv@time.com,iQ4{Fa9lN.,vjirucav
33,kwaldiew@diigo.com,zN8!P%oIh),nmouldenw
34,maugarx@noaa.gov,hB8<7BU<n,pilottx
35,tnasebyy@feedburner.com,rS0/C.7P>H4\Iz,obuggy
36,obowlesz@gravatar.com,vF1&.Sc*$KZI,rmurdyz
37,edeambrosis10@dot.gov,"yP4/,dhm*NF&br&",kgutierrez10
38,dsapp11@seesaa.net,cB6#Z95vZi,jjodlkowski11
39,jvanshin12@oakley.com,"mD8{""hK.",egrzesiewicz12
40,nharler13@nbcnews.com,pE6+PuUn,vdurden13
41,jbackshall14@economist.com,bT5!+<Is{MJuJ!,bdymoke14
42,sraubheim15@yellowpages.com,nE1)Rmmh,mangelo15
43,cblaxton16@fotki.com,lG0\VxGapBGG_k',ccogle16
44,fgrimshaw17@nyu.edu,lF6=qd#t$otW$SK,nonn17
45,aitzcak18@slashdot.org,dE5`7!+sbq,kolensby18
46,bscholtz19@sogou.com,aK8(g)If~J7\V,rnorcop19
47,gtuckwood1a@rakuten.co.jp,gB5~uj~r=MI,amiskin1a
48,jkoenen1b@berkeley.edu,eJ5!!?+A1,npurbrick1b
49,lboyat1c@hibu.com,wS9`hY!Q,kstranaghan1c
50,astobbart1d@bloglovin.com,iO6@peB@%&BVL,aquinsee1d
51,tmoroney1e@wiley.com,eK4`O1e{,hbatecok1e
52,arennocks1f@nature.com,"lK3*jCvftc&""K",ymccomiskie1f
53,dcraydon1g@cafepress.com,"mH3.A""F4O9s{`J",mcruce1g
54,nbafford1h@ezinearticles.com,qD6$Ge<6.6.Cc,cfaichnie1h
55,rhatchett1i@icq.com,"qK9=MMf@37x#,*m",bstillman1i
56,hwelbelove1j@slideshare.net,jF3(?.'/V<}X,ckantor1j
57,kennals1k@wikipedia.org,nE1(VD~0JVTo,oheighton1k
58,cgatus1l@mediafire.com,sJ4~&A%70|,lalbrecht1l
59,cgodbold1m@altervista.org,gJ2<$Ft#Z~DKs,oaylward1m
60,kwalding1n@yellowbook.com,bR1>\)9#dT0p`'S6,shodgins1n
61,hmarshal1o@upenn.edu,"cT9(2(""<e",rhradsky1o
62,awardell1p@usda.gov,mV4%oHlYr|,gseal1p
63,ceacle1q@nbcnews.com,eW7'd9qePbI},rriddeough1q
64,naspinal1r@hp.com,iI4/6u%Q,amckeag1r
65,ftalloe1s@economist.com,fK0)QdhEJ?6a#jr),wlegges1s
66,arandalston1t@about.com,"kI1,PLLlR",ehollows1t
67,mmerit1u@prlog.org,"wF1,y.WO'SnogW",pflynn1u
68,rmarfield1v@japanpost.jp,"rH2|""k<bI",nhallatt1v
69,clewin1w@over-blog.com,jO3!KNAqehnH59,kkennally1w
70,jgoulding1x@army.mil,"zO5#UE""&`qFtVe+X",valdwich1x
71,twickling1y@ehow.com,"vA6(,T6<_WEid?",mottawell1y
72,asignorelli1z@businessweek.com,pH9`|Td{f4Z$,agiovannoni1z
73,pryson20@dmoz.org,vU6#Wp\`D'UVK,vklemenz20
74,free21@nasa.gov,"oW1(\""IY9N_$n",rgadson21
75,rparradice22@admin.ch,vT3\i'2TVoc4B%H,ostpaul22
76,hdarrel23@shareasale.com,cS1\L(jig?@TO,umidgley23
77,mstachini24@sciencedaily.com,zU1!p/A9OW<g,aambrosio24
78,sslimon25@fastcompany.com,"yL5#KaN`$}\WDFY,",hcraufurd25
79,vmungham26@sun.com,wS2~|_a=Bfz,mbauduccio26
80,dmartonfi27@wp.com,lY6/nnteiz`8,kgellett27
81,lkettle28@drupal.org,"jT9?,(6J",ayaknov28
82,ilemery29@ftc.gov,"pT8""kM\~A",fhallows29
83,glates2a@wired.com,aZ5*/XYIq,spallant2a
84,kmcclenan2b@nih.gov,"wM9_(|""E",smioni2b
85,vgrimsdith2c@wunderground.com,"kD0'YL,JG#n""@6|1",vkershow2c
86,kpendre2d@walmart.com,rR7\@={/K,eleedes2d
87,awolters2e@google.pl,fI2.BQIi9I3PK_,mblacker2e
88,tmilan2f@netlog.com,yI9+}I/Ze\\L?+a},htichelaar2f
89,nkettoe2g@fda.gov,aF0{P#u.,jflaunier2g
90,kmeaking2h@boston.com,wF4?apGgFh,dohenecan2h
91,tpinckstone2i@prlog.org,gF8.@t$%_z,aclaringbold2i
92,mbeston2j@state.tx.us,hE2|w3XHoPV5uyn,mtrevain2j
93,pbalam2k@businesswire.com,aI3`|sgJ,bfordham2k
94,shanford2l@geocities.com,"aC7,1u2I8Y2u",bgatenby2l
95,cpurtell2m@devhub.com,"bI6{'0S""|~F8SH""",cjost2m
96,pmckerley2n@godaddy.com,"kB0(i""Js1",rtrunby2n
97,ewarton2o@tamu.edu,eF0<!pz'6mL&6AhU,hezzle2o
98,preyna2p@ox.ac.uk,"rL0!ZEK2PG,wTDR",sennals2p
99,mbisacre2q@nba.com,qR5|@C6Za,gmullinder2q
100,tdurand2r@mail.ru,sR7+PO_\r,cthacker2r
101,otallet2s@reference.com,zO8=)_hH,tasplen2s
102,sscherme2t@odnoklassniki.ru,hJ0(%51*Zkx,gradin2t
103,afresson2u@ocn.ne.jp,iG8?S9~gWZi%,sgrisley2u
104,bnorthleigh2v@hostgator.com,xF7=sAlNRNpeK+.j,cmcbrady2v
105,iabramski2w@zdnet.com,kN4.0KM{H),bfransoni2w
106,prollin2x@dagondesign.com,fH9=x>$1Mr,lsorton2x
107,dbartholomew2y@howstuffworks.com,mH7!E/HtM#tV,lmushawe2y
108,ssouthan2z@yahoo.com,"vG9,42wirlYKRIdK",cstearn2z
109,rruddom30@microsoft.com,tF6%8cDRyeZr`eEt,cbrewers30
110,wcrannell31@independent.co.uk,zS6&a~Hm,ehercules31
111,lbuckner32@theguardian.com,eY1=o'<f<K,lsidebottom32
112,oosanne33@nytimes.com,kK1\iA%E?m&,esleney33
113,dmoyers34@wisc.edu,dL3!1%9hVbufT,jdanelet34
114,amenhci35@loc.gov,lZ9|i0t4fex6L,tbaggarley35
115,vhazelden36@springer.com,"uI3)Lw1FN""8",lsindall36
116,sjurasek37@hostgator.com,tO5.KB8lzt+2,aeric37
117,oibbeson38@tiny.cc,nW6&19?Xw6,glangeley38
118,ugatchell39@alibaba.com,sU1?WQs/Xi,cbiggerstaff39
119,gcanlin3a@wix.com,"fZ3,n""38Fp",eedmund3a
120,klebretondelavieuville3b@zdnet.com,dA8(<)g<cr,dinsley3b
121,pkilius3c@cdc.gov,iW0?{nR/}//HB`,riacovuzzi3c
122,pdantonio3d@wordpress.org,"uC3#se>'""npZj|v?",rstraffon3d
123,tthebeau3e@odnoklassniki.ru,zR2*rz`h9msEy,okennelly3e
124,abelward3f@amazon.co.jp,"nF1*\""ee)",gcarabine3f
125,jtemple3g@multiply.com,hD7~AZSwnMW.j(c,pjeaffreson3g
126,vchoak3h@nydailynews.com,aK3{Wnj1O$,mbarz3h
127,mbelleny3i@hibu.com,cO1<Y_v}y92ziV,cgillion3i
128,vloyndon3j@nature.com,jT0+!eA9o'I,fbloodworthe3j
129,vrochester3k@spotify.com,fJ1)+N2lpW+`h9$,rconnold3k
130,acornborough3l@flavors.me,wZ9)x&h0'1VE|S+,dveldens3l
131,pbaldack3m@ovh.net,lW6>6==%Vw,kjagger3m
132,bsheringham3n@quantcast.com,pZ4'?foZr1uywE,aobispo3n
133,fkarolyi3o@jimdo.com,kQ0+PmZ.,bdoswell3o
134,fcella3p@deviantart.com,"oY7<ytTX,>4z$/",apartleton3p
135,dvanhault3q@plala.or.jp,zR9|*5jA}.3d@e5m,hbanthorpe3q
136,geaklee3r@i2i.jp,dT2'U//hb,bciric3r
137,lgislebert3s@gravatar.com,"cW9~S""gm=?x6",nmerrisson3s
138,ebaack3t@toplist.cz,iR3=6Pw0BY&Y#6f,kerley3t
139,fgaspero3u@weather.com,cF7/?Tlk,thellewell3u
140,efoldes3v@house.gov,hS2<JUTES,tdemarco3v
141,nsinderland3w@slideshare.net,aZ6}MZwzbDf4B,mtomaselli3w
142,xswinney3x@reuters.com,uY1$VL3.PDxB,foslar3x
143,edofty3y@nifty.com,zW7|3SQv,rpavlitschek3y
144,aancell3z@prlog.org,pW4!rS#@79|f6s,bmatchell3z
145,kruffell40@symantec.com,cH2|wehE{w(\QO.,kaykroyd40
146,bstonebridge41@fda.gov,uC7&A0E|n2,sadelberg41
147,pbeautyman42@soundcloud.com,eV7)969.h,egrumley42
148,genric43@indiegogo.com,nY5(%3G|uPOG,pnottingam43
149,dmorl44@example.com,rG5}j!gN~v+4wx,aquigley44
150,lsayles45@mail.ru,lK4<tu~/j\u&!RH),dsimenel45
151,ecowsby46@simplemachines.org,wB3_oy_0h$T4bN,hcampo46
152,hcicerone47@cdc.gov,yA4``_p.YyIC!OkL,troycroft47
153,sedlington48@ted.com,fJ7>'Am6E)>r,shek48
154,rweekly49@fema.gov,kK2)b44xF#3+,ncoltart49
155,jsizey4a@about.me,uS9'Hc79$)}hdB,ecollymore4a
156,vmciver4b@hao123.com,uV9<|?rEXG<dWQUl,fcookney4b
157,faspall4c@sfgate.com,lV2&.|U`.cAF>ezZ,jcranke4c
158,amanclark4d@washingtonpost.com,rU8#)rgHpS{{O4#,pabrahim4d
159,bwillard4e@acquirethisname.com,qW8@2ySU4Bbwdj7x,hsuttie4e
160,azima4f@histats.com,oT7_u{YZXwcc,sleate4f
161,cartingstall4g@microsoft.com,"sP9,fnchI",rbrookes4g
162,qvedntyev4h@illinois.edu,qU7\`<D',cspendlove4h
163,rledgard4i@tumblr.com,pK4|zNd/wSEOLARO,vofearguise4i
164,kantonik4j@shinystat.com,kZ5<3!2{6Vrv,yblanche4j
165,kmaryet4k@blogspot.com,jF0~sBFo/#,gupward4k
166,kgartery4l@answers.com,kR1(<N%~/gRr$,lpyrah4l
167,dfosher4m@dropbox.com,eD2{%5Y(bz,bzanetti4m
168,mwheelhouse4n@tinypic.com,qZ6}i_W>,mwelfair4n
169,dklisch4o@dyndns.org,"qW4""rQ((K$V$!<p",tlowen4o
170,rjako4p@t-online.de,aZ7$M@+ak*v,jzelley4p
171,sglasebrook4q@dot.gov,nD3&_t/ba}?_,sdevin4q
172,vohagan4r@vimeo.com,"oY9.`@jN2Bw""",lbyrde4r
173,jmacmaster4s@icio.us,"yU4@U$/%Y?""\#""d",dclacson4s
174,cstraniero4t@people.com.cn,fQ0(|G@fLW=L,jgownge4t
175,kpledger4u@slashdot.org,"sI6""AVy(",lhann4u
176,bamberger4v@gizmodo.com,oX5/IGZb,smcgaughie4v
177,gpedrozzi4w@nifty.com,cZ7'tsajA3,nredshaw4w
178,agorch4x@netscape.com,"eX1?,@Rcmhh",ahobbing4x
179,dbaline4y@netscape.com,"dT3%,JhP",kdecruz4y
180,kmuzzi4z@netscape.com,qS0(!D+1F,egradly4z
181,rspraggs50@nih.gov,nK2>@1VTeMD=/V,zrediers50
182,shandy51@zimbio.com,bV0~SnR0udEA&L,bmapstone51
183,mrosenberg52@about.me,aM8_WL6ewEA#Y(l,hdowden52
184,kbasson53@wikispaces.com,zO7=a@h4,lmeasor53
185,gwiddowes54@disqus.com,tX9.>Z5VY(KDjPfY,hparrish54
186,hdenholm55@cmu.edu,"aY7@}&OP,",lvallentin55
187,carrow56@rediff.com,bM8<wO.6,mbortolazzi56
188,wlehucquet57@jalbum.net,gU0|Lf=Qo6Z!V(&,askelhorn57
189,gtowl58@goo.gl,rL6?=b?#_pW|$6/,cspuner58
190,rfogel59@list-manage.com,"gP5_u<,iO",ccluelow59
191,lchelnam5a@ehow.com,uY4\qwT<,acattellion5a
192,ppringell5b@wordpress.org,"hD0%4ND""||dgXz=G",mhause5b
193,wlarmour5c@bandcamp.com,"eW6""YaQ((vr~&6>G",amusicka5c
194,npreto5d@yale.edu,nJ6/J(z6gfoH,amccane5d
195,fmonelle5e@nymag.com,dK0_K`)fBHB4N/,eghiotto5e
196,gmaddyson5f@pen.io,"lB1>NVY>v""BxZK3",cmikalski5f
197,elangcastle5g@indiatimes.com,"wO5,D=IB2xXLF",fridler5g
198,calgore5h@4shared.com,fB3=qJTu42,mpanner5h
199,shexter5i@nytimes.com,bV4<cd7neN}/@zf<,tmattielli5i
200,kwinslow5j@youtu.be,wI2\p9'@@pAp/*,ebedboro5j
201,cjennens5k@godaddy.com,eN7|fgROQ,kreeds5k
202,lbatchelder5l@google.com,lG5|gni2A%l,gfaucherand5l
203,epottery5m@livejournal.com,iM3~4/sf53A(u,aambrogiotti5m
204,rsellers5n@hp.com,fO1`tTpoJW,soleshunin5n
205,amashal5o@chicagotribune.com,vP1('7@2,gheditch5o
206,lrainbird5p@nps.gov,"iB1}4""}&",nkopfer5p
207,bblackie5q@un.org,xA7)g+Yj+{~,bsiggers5q
208,acubbin5r@cloudflare.com,wS0.>}F7,dwalworth5r
209,lperdue5s@opera.com,cJ3?\61HG+s_+d$,estanding5s
210,zhallwood5t@reference.com,"vI7?={9,Wy)a",toby5t
211,ebriscow5u@taobao.com,rF1?f0Ya,abritcher5u
212,gbraithwaite5v@umn.edu,oA5%llgaV,hsaleway5v
213,beller5w@wp.com,"vU2""kM57",ikayley5w
214,sschettini5x@goodreads.com,"fT1!""{sVv(j",cvasiltsov5x
215,mbenedetti5y@smh.com.au,jJ5{KU5)nDYPi8,bscamp5y
216,nstieger5z@sciencedaily.com,bB9%dk!c2qK,rrobel5z
217,pmatskiv60@jimdo.com,qX3.)%_3M10,ldoggerell60
218,scrosser61@dyndns.org,fT9(KNohN?e=3cv{,ddelaney61
219,nroomes62@yellowpages.com,eW3<.R@tF,rhiseman62
220,dcluett63@auda.org.au,"gC0,9eqm",npallaske63
221,bimlen64@patch.com,mQ2$FVO2{x,okirtlan64
222,kmacgaughey65@arstechnica.com,pU5~4_?pd,rbotham65
223,cmarusik66@mapquest.com,jE4{j~l{UbOv~C,akochs66
224,kfero67@archive.org,"xH2?,W(9!F7",cwemm67
225,nchetwin68@domainmarket.com,yD0@Y7I6p>nz_RR@,abeckensall68
226,hmenicomb69@gmpg.org,vP3}2|LpFSs,sgreatorex69
227,brockhill6a@51.la,fI9=Q?V8,gmelsom6a
228,eraggatt6b@google.it,xX3!n4TX//cxG+,sspriggs6b
229,cgardiner6c@google.com.au,"yQ3_Bh{Za,n",hfilipov6c
230,tdigweed6d@washington.edu,pU6$!Zv|?B,blindwasser6d
231,sabdee6e@dailymotion.com,uW0/2#AeU2,cbanfield6e
232,pclowsley6f@a8.net,vP4$Y{vTGOpZg8=,smerrywether6f
233,jbettesworth6g@eventbrite.com,rX5)uj?K,bgalbraeth6g
234,tschollar6h@google.cn,gM9)Fa66nB`,lgallyon6h
235,fsuggey6i@shop-pro.jp,dW7@$DQypl/<Dm@<,jlownes6i
236,bdeporte6j@yahoo.co.jp,eQ4#*@I7K&,ccaesmans6j
237,ajewer6k@artisteer.com,rE9.6/A((no,rjosefsson6k
238,tjepperson6l@simplemachines.org,iB0(S(UkrG2ks=y,ibaelde6l
239,zgildersleeve6m@hatena.ne.jp,xJ6%ueD`a0,achamberlen6m
240,ghallitt6n@wufoo.com,lM5.?YAEf,nblomefield6n
241,wgleder6o@woothemes.com,pJ1!=FNLLx,cdavids6o
242,pbremmer6p@sphinn.com,oT2#&f#+y,eludlom6p
243,qstrass6q@twitter.com,bJ0!Ih|L1}f',kmcguirk6q
244,rkerbler6r@theglobeandmail.com,wQ6!u9ld,akerswell6r
245,dcowser6s@indiatimes.com,oW9)nB$)Y&x6\w,hdorey6s
246,sticic6t@tripadvisor.com,kS7??a='b6=7,wmantrup6t
247,abedward6u@epa.gov,"qA6{|8""4\Ke+",dthiese6u
248,dabsalom6v@tiny.cc,jR0>5*X=04,hilyinski6v
249,vbebbington6w@goodreads.com,yL0?!Fmyip<b`,bsawer6w
250,ssoutham6x@ucoz.com,tN2<w(rFt>=yg,ehimsworth6x
251,jthornthwaite6y@npr.org,gK1<xs8qEUS6D,pdunhill6y
252,dwannell6z@home.pl,gF1!>X!uM+D9,bschindler6z
253,mfouch70@edublogs.org,"qT0|zp`""",sellings70
254,adowning71@myspace.com,rZ6#10\*~DRq,wkann71
255,tjenks72@youtu.be,oR9)qa__}09y&Gq,etyhurst72
256,kshoppee73@jiathis.com,"aU9""_`1MXtH+Q8t",lkobus73
257,troarty74@behance.net,nE3&Xg\Az5,lbulbeck74
258,jcrummey75@ameblo.jp,tO3`ql9iT)IsFf}N,nbangle75
259,opotteril76@yellowbook.com,"wW5"",ai58=#e",jmcrinn76
260,lbirckmann77@patch.com,rG5\m..1.9kc,ddwight77
261,ggiffen78@clickbank.net,"rT2,9!0)CJOl=d",slyptrade78
262,ewaterstone79@amazon.com,lC8~Tddqs,otrengrove79
263,zrait7a@gizmodo.com,wV9?K'$2NVr8@o'P,mhove7a
264,jgriggs7b@huffingtonpost.com,mX0_JW1<6W=xi,eedworthye7b
265,esteely7c@ovh.net,wE7=A.gY,nwastell7c
266,gnormadell7d@chronoengine.com,wZ8`rp@+Vq`,rwych7d
267,rtankard7e@cocolog-nifty.com,wF7$piUp,ethamelt7e
268,kdemitris7f@chronoengine.com,wT5&R@=Ltr.z,bmorican7f
269,bfison7g@netvibes.com,"nM5""<Wfi",smaystone7g
270,mschulze7h@usgs.gov,eJ0`(G*X,pbandey7h
271,akiwitz7i@senate.gov,cW8!~s3139eu,smccarney7i
272,bpinel7j@livejournal.com,tK5/Fs#m=m'6k,tburriss7j
273,mgregh7k@soup.io,yK7@>d~XJv,ppressdee7k
274,lspinney7l@flickr.com,pZ4<)psWSVqMBU,nbaraja7l
275,fmoorey7m@e-recht24.de,lO3\/3({y(=cp_n,rsorel7m
276,kshreeves7n@apple.com,lQ7<n5LaU,cbarfoot7n
277,hendon7o@google.fr,tH3\WG2uV|1jd??,vleander7o
278,aready7p@histats.com,cV7`r@vqH\S,koliver7p
279,foolahan7q@mac.com,mI9+@ru'z~*rBI=,gyouel7q
280,mbrettelle7r@wikia.com,rK3?YTP16)d}d*,ctute7r
281,mbeumant7s@imgur.com,eN2+7PcCk0,mtussaine7s
282,qbavridge7t@who.int,zI8\O7Mb,ljerzyk7t
283,smcfaul7u@cloudflare.com,oH5)$JT+,btolan7u
284,jpelham7v@networksolutions.com,uB7`?#4M,bhandmore7v
285,rmeeland7w@google.fr,sN5'xT3P2Z#,wcornewell7w
286,apegler7x@omniture.com,sM1?/yBv5,jovett7x
287,wtrimnell7y@cargocollective.com,"pV0,>1fr{Jl4Mur",cmeneur7y
288,shardeman7z@fda.gov,kE9/%A5D,atatchell7z
289,ndomm80@dedecms.com,hC6\`>c+ow},gmoyne80
290,portega81@amazon.de,oW5*Cw68g*y_3VM,elidgett81
291,cpadwick82@bing.com,oF3(HtbTt,ndawson82
292,tmcelree83@cyberchimps.com,nO2~c/Xp,bsharnock83
293,gjantot84@howstuffworks.com,xI0>z$I),amulroy84
294,ldomanski85@diigo.com,"cM9*0$gX}3A"",5)a",cpepin85
295,dcoase86@w3.org,yP8{pMo6mj,rjerrams86
296,phumbles87@craigslist.org,pI4*=ML)c,abenjefield87
297,vtitmarsh88@ox.ac.uk,lB8$x$@OS=O1Ep=,hmccullen88
298,laloshikin89@noaa.gov,yI6/ZBK1t8%5,jstandley89
299,whitcham8a@g.co,rZ8$#EphcSn,pgilhooly8a
300,bwolters8b@51.la,lX8@X6lE)1upCIq,gavramov8b
301,cbronot8c@cbc.ca,hZ1!t|&Wg*9,tocahey8c
302,rnash8d@wordpress.org,"mP5+>>""u",csilverton8d
303,dsottell8e@alibaba.com,iI0+oH3GrUm|t,mlarret8e
304,amcmeekan8f@theglobeandmail.com,pJ8}ExOo\t,astichall8f
305,egenese8g@slashdot.org,"sQ9=,r&p1",atorald8g
306,gtrenfield8h@gmpg.org,nF5/)8YVba7$NZP,mpaulusch8h
307,dlillegard8i@phoca.cz,"lW4~jHi=""",zsturmey8i
308,bchatain8j@tamu.edu,fU0(*NgFEWu8B,bsowersby8j
309,asouch8k@shareasale.com,"nL6_xvT""~%",mroggeman8k
310,mpierucci8l@businesswire.com,"uI0""*4Tq6~?",blanghor8l
311,eduthie8m@ca.gov,vD6\X/rT.~b{1,efussell8m
312,rcrellim8n@linkedin.com,"aE0\~sU<d""k+(G3",cwillishire8n
313,zelsmor8o@engadget.com,mV6%6s(+,eharden8o
314,hgehrels8p@hubpages.com,qS4(vj#T<*/Jj)t,budale8p
315,cvirgo8q@furl.net,yV8#3)'HjLdv7,jbrownlow8q
316,bwitheridge8r@craigslist.org,vP8|gtrMSekx1)>,tdouche8r
317,festcot8s@ebay.co.uk,gH5+w)CC,dskirling8s
318,bfiander8t@networksolutions.com,"sA2)3""xLD",abernardeschi8t
319,dtilbrook8u@springer.com,yR3)(|_y9gIyD,abarbary8u
320,cmackee8v@fc2.com,zN3~@&KI,mnovotni8v
321,aklulicek8w@ameblo.jp,aN2>BsVnX,kbanner8w
322,fstansbie8x@godaddy.com,nL8\mq8e'FP/UJ,ocosby8x
323,dsydney8y@purevolume.com,eS1(.VFYDLdj9u4L,bsinson8y
324,hbhar8z@rambler.ru,yM1%2Qu|),vanney8z
325,dstowgill90@umn.edu,kN5_dw0gwp5,sdabney90
326,caslet91@oaic.gov.au,"fA3$Ci""00'j#?I>/",tboynton91
327,acasebourne92@intel.com,uV6<f6Ic!p~6%{n%,pdrinkwater92
328,mwarrillow93@blogtalkradio.com,bK3.%0&uI(1&!7tY,hcroucher93
329,hhalpine94@zdnet.com,nI7+}GI@}zke,jjeppensen94
330,ewarder95@huffingtonpost.com,uB1'daX8,rcruft95
331,ljarville96@abc.net.au,rP4'5=4y,tjudron96
332,ebattershall97@nature.com,"qL6,4*\NF6=""`7",epharro97
333,trugg98@mlb.com,yX6'<n+PoOCfPkT,egethings98
334,nthrift99@exblog.jp,rM4/OIR>wEptK&?M,dzamboniari99
335,mmaccolgan9a@ted.com,mN2_vuKX,florman9a
336,thallyburton9b@ycombinator.com,wO1#ZX?|,iguilliatt9b
337,vjina9c@photobucket.com,"zK8~I&.n,F",rotoole9c
338,ethorneley9d@ebay.co.uk,uC7=``E|1,lhalfhead9d
339,bdelascy9e@blogtalkradio.com,hA7!q*fq0HTB@j,valten9e
340,rridd9f@youku.com,rL1`inc~Z}g,kkingstne9f
341,crichardt9g@xrea.com,iZ8~Wv0@lf&<k\,edubbin9g
342,mjewkes9h@storify.com,"nE1\9h~""",mbondy9h
343,mveracruysse9i@baidu.com,nW2+.WV?}w7i,agreenhow9i
344,pbreydin9j@cloudflare.com,gB8_2i.3c~1@,mstudde9j
345,eburdus9k@photobucket.com,tF0%+i=b<_vqUD&,npallesen9k
346,mkentwell9l@ucoz.ru,hL2'u>zlM3a+,aemanson9l
347,tszymanowicz9m@mediafire.com,rR0/(.r}Cjtu,pizkovitch9m
348,nkitcatt9n@xinhuanet.com,kJ7=_I%\0._F8qQa,kpleace9n
349,mrimbault9o@canalblog.com,mV2).o(<c)*P,lrobertazzi9o
350,arominov9p@mayoclinic.com,uV1+/7ET,lpottie9p
351,cbetje9q@salon.com,cR4$.Grb,hfelstead9q
352,swellum9r@shop-pro.jp,rI2)1dL<s!}Z6B,mroze9r
353,fwhyborn9s@flavors.me,sZ7$%7)V{olRQ.Q4,jponsford9s
354,mabbie9t@nasa.gov,kZ5+%}=}i)l~,tplayden9t
355,bunstead9u@etsy.com,sJ9<.8v}B'.SFaAi,achicchelli9u
356,cyearnsley9v@techcrunch.com,jW3>?Ac/C!,hdonnelly9v
357,mrajchert9w@nifty.com,"uL4*qr\dj,aC(",hchristal9w
358,pdefau9x@whitehouse.gov,dA9&/X0bcPz~CV,pleverington9x
359,ohughes9y@histats.com,"yI2_,OugW(?",cmcmanamon9y
360,parenson9z@intel.com,sR2`_}9F@t.,bstones9z
361,fbassilashvilia0@altervista.org,gT1}x|wa,rbowderya0
362,fvaulsa1@google.com.au,"lM4""M$SAX~W<J}*4",hhambatcha1
363,jfliega2@gov.uk,iJ9|<0QB\Gom,nassantea2
364,tormroda3@guardian.co.uk,oL9#mO*y%.,ekulickea3
365,jpaprotnya4@jiathis.com,aM4(degC'Rb1&,bparadisa4
366,rlarkinga5@google.es,eM1~jD\=%X`7,selgooda5
367,sizzarda6@merriam-webster.com,"uP1)`1%M'(},ux7",cbrumhama6
368,sclincha7@so-net.ne.jp,uU6&e)>A.6/3U(}3,lshawea7
369,djeffreya8@chron.com,uY7.bM6UFf8g3rG,afolbigga8
370,amcconwaya9@youtu.be,sY7_8JeC,msollnera9
371,blorrawayaa@edublogs.org,tY6\o$k$E7j#T,jouterbridgeaa
372,bdrohunab@weibo.com,"zL0`&<P0nP+<,",astennesab
373,zwebbac@disqus.com,fR8>h4/@,afennyac
374,skehoead@hhs.gov,rY8%J+0TJ&CB{F,aplankead
375,pschimonekae@slideshare.net,sE8/!(v2l3~##sW,hsageae
376,wcarpmileaf@forbes.com,uQ4<+p2w,nverickaf
377,jwarstallag@rakuten.co.jp,rL8~nOv$vx,hpetheridgeag
378,ccupperah@oracle.com,sF9@7RJ@,fnordassah
379,vellwandai@printfriendly.com,eD4|7TCee),reldonai
380,lyudeaj@japanpost.jp,vV1%CIj!jr,anajeraaj
381,fmoughtonak@dyndns.org,"hB1%GaI,&f=@Q/Gt",pfinnisak
382,mmcgreayal@weebly.com,pM5>j.bmElP%V,mmcgrottyal
383,jpizzeyam@ft.com,"pX0,k9'RB$!F",nseakingsam
384,kgerrillan@friendfeed.com,qB2||D3J5s)01R&o,bgrinstedan
385,cedmettao@whitehouse.gov,gI6|z!*2&MI,icolcuttao
386,smartynap@techcrunch.com,mC4#p%s/\M.wz,kabbieap
387,bbrealeyaq@ft.com,lH7_O6G|&,jpillingeraq
388,rolivariar@scribd.com,fT0&<eXU,hfalveyar
389,arowantreeas@behance.net,sA3`jDny,hvasenkovas
390,rvanderhoogat@typepad.com,"wM7""HMd)/3@9",aklasingat
391,bcorballisau@phoca.cz,qA9%MT@(F,wsineau
392,njowittav@mozilla.com,"jJ1**2F4""HLfg(0(",rmccaghanav
393,adunmoreaw@boston.com,xI4={b*c?Pd9,cgrzelakaw
394,lhuzzayax@quantcast.com,xJ7$}h\ELI@X,rhowiesonax
395,pdullinghamay@acquirethisname.com,qG0%rM)WbX,ustollenhofay
396,nernkeaz@seesaa.net,mB2$w7rN{E#a,labbaaz
397,mvandecasteleb0@tuttocitta.it,vX4~dG.h.,mgrixb0
398,rvarkerb1@fc2.com,"xM4""'""6bj",bcharletb1
399,cpuveb2@sciencedaily.com,"pW0}e5psG3}Wk""PD",cmcgloughlinb2
400,wstuchburieb3@nydailynews.com,iJ0#+}t7'VQP2VX',gcullinb3
401,rabramofb4@senate.gov,mX4?P$k8<QtV@U~H,swatkissb4
402,dplumridegeb5@woothemes.com,"nS9*,529",clorainb5
403,ggawkesb6@yolasite.com,dJ6>z7lp6h7,rjonathonb6
404,wvanneb7@utexas.edu,yO2{T8C\VHoFt)c,bkaliszewskib7
405,ravraamb8@wikimedia.org,hY8\4gtW,asnellb8
406,bquinceeb9@msu.edu,bL8.7B<k@&,bruseb9
407,bbeastallba@kickstarter.com,"qC6</_Sa""fKC",shoutbieba
408,hboutcherbb@acquirethisname.com,uT6's3+vBh,cdarterbb
409,ahopkynsbc@eventbrite.com,"uQ7{Pu|ETSwNYH""",ebezzantbc
410,nseawrightbd@behance.net,"rS9@gK2S""r}EFK",kgorrickbd
411,vtillbe@godaddy.com,"uK6,9f,uiD.O}",jthorringtonbe
412,chelianbf@goo.ne.jp,tD8)SFu4\&,tsavilbf
413,knicklinsonbg@xing.com,yK9>KXwSMG*,sgronobg
414,khalsobh@thetimes.co.uk,"fI4,0)CX0xA6}",srawlinsonbh
415,zswatonbi@home.pl,hV9(X{!'=+AcwR5,vodesonbi
416,glawlanbj@merriam-webster.com,hH2$h%{+C&,wgiralbj
417,lnoicebk@arizona.edu,"dU5,+4P(TS7kI",bsaullbk
418,chuncootbl@archive.org,vW5`=+@%j+,gsandybl
419,ewrigglesworthbm@usda.gov,zF6(>McZMt8|},lbenfellbm
420,ndrennanbn@cmu.edu,bO5)T7Ap5pHiyM,mjordinebn
421,rsimondsonbo@odnoklassniki.ru,cM6&y=tRz+|,smarlenbo
422,gfilipyevbp@eepurl.com,dS8<pefPu,tdyblebp
423,jwearingbq@timesonline.co.uk,pN5{`98H%)`3,rstrewtherbq
424,jfordebr@1688.com,"qF7,tBz8vgNZEp6m",ksainzbr
425,froylancebs@quantcast.com,"rC5,s%>v=s2",abothbiebs
426,bfreakbt@moonfruit.com,eD1\gzBP*#%3,dwickeybt
427,bbreznovicbu@freewebs.com,mS6)!OiY,jscreatonbu
428,apolettobv@sfgate.com,wO8}P*uBN@,vcorkebv
429,rricciobw@ca.gov,mO0(O6K=~,ewigleybw
430,djuggingsbx@hexun.com,hU0+Ymu?ffJx/,lfrankebx
431,adashby@tinyurl.com,"aS1$qd%xqV4Z""s",dwindasby
432,jvondrysbz@dell.com,gK8?}.sMVb%,itookebz
433,bmethuenc0@google.com.au,qN7\NspcU8x42t,fwoolisc0
434,aformoyc1@ca.gov,rK6.Jd9=4_D=tOQn,cthomasc1
435,xgianillic2@gov.uk,lY7\K9+Cr,gcozinsc2
436,cvargac3@studiopress.com,mJ2(X}+i~t,opantecostc3
437,lwinspurc4@indiegogo.com,dW6.aS*q#`mr!c#R,atreugec4
438,dbonelliec5@qq.com,hX9@*Q$YmbomD,ggilhooleyc5
439,lyurinovc6@geocities.jp,rW8)bsxK6&,dgodboltc6
440,slowensohnc7@dedecms.com,cS1'~>K&,kmityashinc7
441,dnottonc8@squidoo.com,mZ4$PhGS+Sckt,kteissierc8
442,pninehamc9@cbsnews.com,"jO4,*Z%oX>FVs",melcouxc9
443,adrageca@buzzfeed.com,"dF7&fyU,1a",mhadawayca
444,bbrignellcb@imdb.com,uX6?s2m/B&},bhulkcb
445,ctuxwellcc@nydailynews.com,fG4'GL1R@%vy,cslorancecc
446,hgreenshielscd@apple.com,dE7)?MGu>S,mpenncd
447,nandriessece@ucoz.com,rK2*x<6Ea?wzkkD,lwrightamce
448,hbeneditecf@reuters.com,fC3?|6Jm(q4M8XsK,hbaudinotcf
449,mbegleycg@acquirethisname.com,gC2/C5a<qu8UPA,lrossandercg
450,wrymellch@va.gov,jX5}rU$q>jt8i<,ivezeych
451,jskpseyci@wufoo.com,gE1{{zptz?U_np=,rsprouleci
452,nchaffcj@wunderground.com,bY7)bbdoVVAgkU5,fdebruincj
453,vgabbottck@so-net.ne.jp,tL1$DJ<Zi\_|,tesmondck
454,tchuggcl@csmonitor.com,fB5}p)5},elangfatcl
455,syarrallcm@bing.com,jB7_7$pGrM_WV,wgriffecm
456,jpassmancn@wikia.com,"mH5""g'8""@h",tlowincn
457,hworvillco@163.com,aH2|fqE0<~e9WD?t,oclaringboldco
458,kyanovcp@gizmodo.com,"sO5*vM6#""~ioe#",ltwellscp
459,rpfeiffercq@phoca.cz,sQ1~=j~qrwb,rfuentecq
460,btunniclissecr@t.co,xX2%7d>v9!jr_,slillycr
461,jburgwincs@1und1.de,"dP0%eJuoj""<2G",dbartholomieucs
462,lgathercolect@yale.edu,"qH8_""UNW6",nrammellct
463,pbrandinocu@dropbox.com,pD3?Iros*ld,grankmorecu
464,dcharteriscv@ehow.com,wE4?qZ=AUG.Yy,fwinchurchcv
465,ckrebercw@tuttocitta.it,qW4$JYKC88R.E!d,fhadleighcw
466,tbadencx@jiathis.com,pW3)uim{QTm||x,dbrittiancx
467,ralesicy@jimdo.com,iK4$xhs_=KX,mcunradocy
468,wprestercz@slashdot.org,vI1_SqmYy@,hstoltecz
469,pchataignierd0@nydailynews.com,xO8=BC&y(L1C3%,tmccowand0
470,tdaynterd1@nhs.uk,rJ0}(v&W''>FM,opolleyed1
471,ngillionsd2@quantcast.com,"qX6*l{,i6,DKDV",mmitchenerd2
472,mjenkynd3@cbsnews.com,cS4.3Y#E=0lzr>,cmcmenemyd3
473,tcowderayd4@theguardian.com,dU2*(YG<z(W*|$,amaddersd4
474,cwaitd5@fc2.com,zU5<OxU&#<BwD@}>,cjanceyd5
475,jdarceyd6@blog.com,"hL3""bqv<{FA_V",drandelld6
476,mcaseborned7@theglobeandmail.com,pF3@Rw}SA0qb(4z7,gprandid7
477,mwybrewd8@acquirethisname.com,uY2!n<M&ni<|nS,ablackadderd8
478,rdabbsd9@disqus.com,hD1!vmF.@,jmulbryd9
479,cbackwellda@digg.com,fO0<W1N7)JfT,ncarrivickda
480,zdensondb@sourceforge.net,"hS3""=N}~C3&O",ptimbydb
481,jhryskiewiczdc@spotify.com,rG2`qft!M($KZ,rtuddenhamdc
482,ktysalldd@taobao.com,xY6'5E.l+aC)R3,jkiliusdd
483,rsleefordde@hibu.com,gG5{~Y1mjCE!TYqu,gwilliscroftde
484,bgalliedf@weather.com,yJ0@FJDN,scakesdf
485,akirmonddg@cbc.ca,yO0%@Iy=BgJszy*,mgoreydg
486,hricardindh@4shared.com,xB1'N&YYK,cmillimoedh
487,gmugglestonedi@redcross.org,pH6(9~<H,jjantotdi
488,kgrewcockdj@bing.com,"rA8""<Y*&2/Ma?SO",eyvensdj
489,bfarrisdk@sourceforge.net,cB2)n!vEl2,hnazarethdk
490,sosborndl@w3.org,"gV6_!Q/ob""",clampendl
491,clutodm@usa.gov,sL9<BqFQGEw,glouddm
492,fghelardidn@forbes.com,mV2\V%mnhD31Bk<,rkershowdn
493,pgofforthdo@livejournal.com,bM2'uc(Z,emacgarritydo
494,scorahdp@tinyurl.com,eQ7'&0va8jF,mbartunekdp
495,acauderliedq@google.com,xF7??diSp&aEOxI+,epillingerdq
496,scoshamdr@diigo.com,bY4#bz{},binnocentidr
497,jkaserds@webs.com,gO7<_W83EV|J,ntrimeds
498,tehlerdingdt@auda.org.au,aS3@0Uy#0'k@y,ajeramsdt
499,kpontendu@usa.gov,yX0!1./7*)ieC,esallingdu
500,rdockreydv@ftc.gov,yS1$!$|LSQy{r,rfoldsdv
501,adesportdw@cnn.com,uV8|8_VfPZ8o|v9,jbrabindw
502,sjeromedx@nhs.uk,"yN2""Wo4c",lvallerydx
503,rgeckdy@state.gov,kC0`SFV&chdw6}V,shamsherdy
504,cgunnydz@shareasale.com,hD6\0MGd3qV#s2<,tthrelkelddz
505,aquinanee0@github.com,cT0/a%SC,cdrakee0
506,bvanye1@dyndns.org,mD1&F%z.e0BT(,nscaplehorne1
507,flydiarde2@cdbaby.com,uM3&4n+=bHol,estorke2
508,demige3@is.gd,kY5}IftMN|,kshoobridgee3
509,wpericoe4@vinaora.com,vH9|1q3#F2J,bbaleinee4
510,jgoldsburye5@baidu.com,nV1<RFP'~/,syelle5
511,nstlouise6@istockphoto.com,zY3*OKuw\%D%b9R@,dmcmeekane6
512,jbarthroppe7@apple.com,uW0$)Cs}cX!Dpb,bkoppecke7
513,cmuzzilloe8@mozilla.com,"eN8<6,d6",mlongstreete8
514,mgladdolphe9@state.gov,"kR4$SKfj=}5""",aweafere9
515,dfedorchenkoea@toplist.cz,"eK8~""*nVly'8/aq",bgennyea
516,nalanbrookeeb@liveinternet.ru,wA4.=fn10G4|ZO8D,glorraineeb
517,troubeixec@irs.gov,"uV9?_""YBEcjZ<e",bowenec
518,tdeweyed@google.ru,"sY3_RdRB""y4Jj",pphelipsed
519,mfreemantleee@bandcamp.com,"lG8""_|fc>DNjl",rtregunnaee
520,msweetingef@newsvine.com,"vI2../Fj!>A%E""",aseaef
521,mvasyunkineg@storify.com,aT7=A6kf{jO,cshayeseg
522,sgomereh@pcworld.com,qC4(Q&F%5c,abanceeh
523,lmacmakinei@uiuc.edu,rB1~v58&xc/h3Z,pkerblerei
524,nfawdryej@wisc.edu,iM7#TS`FD=>|5p$$,bstollenej
525,ggabelek@fema.gov,mS6)HH\6,zguidiniek
526,jwealdel@buzzfeed.com,fF8=+K4(@,ehingeleyel
527,mdeppenem@vkontakte.ru,uB4)o.zz<pX{,gpennigarem
528,brameauen@g.co,"uQ8$,83ha~r(T",hcurrieen
529,lregitzeo@cpanel.net,"uD3%N,R0",mpharroweo
530,lkingslyep@fc2.com,"pH0}N5O$@,Nm",tbyffordep
531,zfosseq@canalblog.com,fO7}gZ`l\,fmaccallameq
532,sgoddarder@blogs.com,oB8_\w9O_*K#i=R',snurcombeer
533,sraimanes@istockphoto.com,pP8<t/12,zbanvillees
534,rburnsellet@php.net,aG6_EvT\V,covendonet
535,wnisbyeu@ox.ac.uk,"kJ3=eb{e7""EALm1",mtullyeu
536,eroddyev@timesonline.co.uk,"nZ7/%""PhKIcrUD",adorsettev
537,dyablsleyew@princeton.edu,wA1~?BJaT<7,sdaymontew
538,aguerrinex@tumblr.com,rW1=Nm|(E?6P,jhazelhurstex
539,bbayneey@salon.com,xI8?hT1N=,frobynsey
540,fmulhollandez@google.co.uk,nK2)Rlup?&dJE,rmolianez
541,obedburrowf0@yellowpages.com,"wO2`'|bu+805""d",bdavidovicif0
542,wblythingf1@toplist.cz,vP9$mLoAw2,bmcginneyf1
543,ashalloof2@usa.gov,pU6{{kT_)saH@/,mmauldenf2
544,pswithenbyf3@ft.com,"oA5""}$&+)=N",alapsleyf3
545,jacremanf4@lulu.com,"oS5%6*|vq,Ss",mmartynovf4
546,amckiernanf5@nba.com,tK6%_LPS{geq6,ahumphrisf5
547,rlegenf6@blogger.com,uE7)upDv2#ee7},eyarrallf6
548,kalvarf7@newyorker.com,aV5+.s(?xojY'E,btaffarellof7
549,rjannawayf8@dailymail.co.uk,pS3/}y<6,qtinglef8
550,ddorningf9@typepad.com,nB6'>gVMwy*rf,fwhiffinf9
551,dpaffotfa@unicef.org,"nI7!?L4F,s""+",lhouldeyfa
552,kmathewesfb@ameblo.jp,zI6|QPiBd%?,dneweyfb
553,nstonierfc@goodreads.com,jF0@_rdtrc_AZ#,dmcairtfc
554,cjanousfd@irs.gov,wM3=L\c?6o,nhudlessfd
555,csercombefe@godaddy.com,oP4?Fk3m='/_30l,ehryncewiczfe
556,loldallff@house.gov,mM5*W>UW,sahearneff
557,ccawdronfg@dedecms.com,zQ8#fkT!q,icranfg
558,rstammirsfh@cmu.edu,kE3$Cj%9},latkinfh
559,eholdronfi@sphinn.com,zI8<Z0Z87`we$%cV,mchrystalfi
560,bbissettfj@dell.com,nE1$5*f!k&,drosedalefj
561,swortsfk@zdnet.com,kC8\$YtZG,myoskowitzfk
562,msustonfl@symantec.com,iB9+6O_I+o,csaigerfl
563,rnuccifm@google.com.br,nE7*(eTfFP(,plathburyfm
564,jlightollersfn@ezinearticles.com,zU5$@Lz{7s,rpescottfn
565,cpettingallfo@behance.net,oJ7%d{*}.@Za,cdebellfo
566,cbeachampfp@virginia.edu,xV8~YDtn|QF9k,iwestmanfp
567,vdenkinfq@homestead.com,aR6.YZeeW6,lminghettifq
568,saselfr@pagesperso-orange.fr,hQ6.1U`X,gbagshawefr
569,dandererfs@tiny.cc,tJ6*7UYYVSpo7FCT,dbalderstonfs
570,mseelerft@prweb.com,mU2?>TZ()u`U,cstandleyft
571,tcullfu@shinystat.com,kM5>(@=?I9)p,seratfu
572,cmartinhofv@columbia.edu,iH8(gUum(@z$}r{a,cmccoishfv
573,sscrogginsfw@msn.com,eZ7{X9<pf>~,ktoquetfw
574,rpaddingdonfx@mozilla.org,qK9\2U5=9,mmathiefx
575,scastletinefy@netlog.com,sL9'4.*X,dsarfasfy
576,mthurnhamfz@liveinternet.ru,cD3|`I$x,arofefz
577,sdaileg0@myspace.com,kX0|3AXG`P4,rkollachg0
578,nworpoleg1@alibaba.com,rL7%=l&=PWk1LIt,ewisdishg1
579,coaksg2@histats.com,uL3)b'XJJT<,wbruntjeng2
580,sormrodg3@liveinternet.ru,rC8$Hgru9Q*/4(a,jtrowsdallg3
581,hrosig4@istockphoto.com,uU6(MJwIB_eWEZQu,dlinchg4
582,dhalpeng5@spotify.com,"kO1""IM,R2",rroughg5
583,kmeweg6@flickr.com,aF2&0N)or0+D(Wd,rcolletong6
584,srofeg7@blogspot.com,eG2}`K_Y,npatekg7
585,nsleafordg8@slate.com,"gF7<EfA>k,W=1jSI",apeakg8
586,featesg9@vistaprint.com,rE9`Owiif,gnicholsg9
587,iannwylga@desdev.cn,"fT5/%,1&sB",mivanshintsevga
588,krallingb@nydailynews.com,uX4%#OkeS,hkilbeegb
589,bocurrangc@wordpress.com,tN6.(vH9xX>S=4,jkaszpergc
590,gbartolomeugd@unicef.org,eV2$SON3}y=,bnormantongd
591,tgraysonge@simplemachines.org,bN3#47Deutpa,nespinheirage
592,jmacbanegf@wunderground.com,uZ2*#vJ2`qeNNrkY,lmccoolgf
593,spenburtongg@alibaba.com,xG2\(6\QR,hmintrimgg
594,gboudagh@berkeley.edu,iA4!@DLg#2,emacartegh
595,mnoodsgi@microsoft.com,hF0=j<0$}?>w,yphillisgi
596,cgueringj@friendfeed.com,"hG0,di?uZ1J1.`",ubeagj
597,rhastwellgk@desdev.cn,tG5$.P3wGJ#Mc,hacomgk
598,lgerrettgl@behance.net,mB3~ttdK9EG,cpeterkingl
599,tdionsettigm@ucoz.com,"sG3,+qZ5v",apirisgm
600,drobiotgn@themeforest.net,yD1=.Ymn>iA%Q8|,zfranciottign
601,fwadlowgo@purevolume.com,zM9#pMu1OQjhU,icromergo
602,tdabergp@devhub.com,jY6*qo2j%pSy%w,eelwillgp
603,cmounceygq@chicagotribune.com,qL4=_qYZNoG$NHE,lsedgergq
604,ktavenergr@amazon.co.jp,"mU3,<HUP}",ttodmangr
605,sstearleygs@abc.net.au,oE6|JD/rO'=*4a,dbleachergs
606,clorinezgt@merriam-webster.com,tP1@HkYs='nW?1,mbullockgt
607,bprettyjohngu@disqus.com,"uO6,*KA9SmVZ",fduseygu
608,hbasketfieldgv@nydailynews.com,yB1{O+W{Gi}<v~,mpetrinagv
609,cmelleygw@toplist.cz,vQ0!}<#)~,sguernergw
610,rdobinggx@imageshack.us,lQ6>Zih}i',mpagongx
611,kwaindgy@sphinn.com,gI3>RmN{~rPzCS,sbartkegy
612,tvaillantgz@freewebs.com,hV3)sF&5,sedgerlygz
613,hphilipsh0@businessweek.com,eU0.pOidAp,fhockellh0
614,nsenechaulth1@statcounter.com,rI4/J74_Pq@,abenoixh1
615,dridgersh2@arizona.edu,"vC4(lQ+C,k",ehurtadoh2
616,pstilliardh3@wisc.edu,"tV8""jYCS#*",nthringh3
617,gmadsenh4@ft.com,"aO5,&kZ/Gl`UAS",aclevelyh4
618,scoverleyh5@dailymotion.com,"xN4@,ug_v4<KBSC",hquipph5
619,aboshersh6@indiegogo.com,wW9|hjN=sf~,begglestoneh6
620,bmcenenyh7@gravatar.com,lL1?hIt&EO`,pdiverh7
621,ppiketth8@surveymonkey.com,rN0\mmb|)z7x1N7K,hgallimoreh8
622,bmcwardh9@nbcnews.com,"bT8/7""3X,M",fsommersh9
623,cdabinettha@biblegateway.com,fI9~Ur)O9ZeG),cchaudhryha
624,faxcellhb@ox.ac.uk,kF8'EWejBTT,rbleakleyhb
625,eblincohc@columbia.edu,zO6&2Q$hS>00Hwg9,gstattonhc
626,tbloishd@ucla.edu,cY6`SmY5f5,csimondhd
627,gdudlistonhe@aboutads.info,uG2*CinoBO),lmusgrovehe
628,osissenshf@hc360.com,gP2?Y9Mr{(FOYfs,chowehf
629,amarshmanhg@tamu.edu,eG3~`i=VAd',wsymershg
630,maloshikinhh@ucla.edu,uT5#FmQp|lV,smurkushh
631,bwinterbottomhi@sphinn.com,cK8|(*W_AF..,nsoldnerhi
632,rleithhj@squidoo.com,kB7/I.xmNJxBJ=,rspeirhj
633,lflahivehk@google.cn,zW6~_RIbkm,ccrackhk
634,rgiacomuccihl@oakley.com,eF7/AuuSi?,tchattohl
635,dtailehm@thetimes.co.uk,"aX3#dA('H,3uw",mcrystalhm
636,regglesonhn@uiuc.edu,iT8$oRy>}5RizK,choveehn
637,sboyntonho@shareasale.com,"fD4,VI.QlSX.AlD,",ldydeho
638,ayemmhp@ifeng.com,aE1.xI\1*.k=(t!|,lnapierhp
639,agurwoodhq@redcross.org,xZ4?n.M9,mhouldeyhq
640,acluneyhr@oracle.com,tG5?W5HGm2Iw,hhenrychhr
641,jblofieldhs@domainmarket.com,eC0#v<eAFnh`C,achallenshs
642,fdumpletonht@odnoklassniki.ru,"iM4),ZtrK/svU",tfreegardht
643,ptribbeckhu@slashdot.org,wG6$@)9C_)x$)<O,dswannellhu
644,dlightwinghv@usgs.gov,"qH2%""n5aLEL~d",gyetmanhv
645,dlindenbluthhw@engadget.com,yE5_/@iK&KY+,wleborgnehw
646,esavatierhx@51.la,xP5%z7{C,nlocksleyhx
647,bclausnerhy@mashable.com,gD3)`Ja33h,aedensorhy
648,jyglesiahz@dell.com,lH2|wI90*=\t,cleynaghhz
649,aaylesburyi0@spotify.com,gN8$tzoqln,tbenitoi0
650,dfishi1@newsvine.com,"tF4'afauc""!*",cscortoni1
651,smclagani2@chicagotribune.com,"bH3*B0}Pp""\}""(3S",afreundi2
652,rdominguesi3@microsoft.com,gV8}Hetgl?a,tmuschettei3
653,ppetraki4@symantec.com,uQ8>b!1Q,schatei4
654,mlopei5@google.es,eY0_ZI*#O>00Z,fpassleri5
655,bcoleshilli6@opensource.org,dQ2#/y&qvRF,ktookeyi6
656,rhallowsi7@narod.ru,"fX7+.YhEY,kS6=Q#",zmackimmiei7
657,tmatteottii8@wiley.com,nN5*wFojf|z{ne2,tkerwicki8
658,tjachimczaki9@webnode.com,dX8?}~KGM,lnorledgei9
659,lcornelisseia@reddit.com,"tN9,>X*}Oc",pnoonia
660,ekilmisterib@sogou.com,nN4}{qK_k}c'6t>,odaultonib
661,cfrigotic@seesaa.net,oW2/?9T~ZV@,dkerswellic
662,jbattrumid@ycombinator.com,"mV2\L_""4(B{S",jlawrenzid
663,cgiacovettiie@reddit.com,pH1.\`6}%kovie,cdowntonie
664,mhallgalleyif@unblog.fr,rM6'|VzvWd'&x{,cscimonelliif
665,jreochig@bloglovin.com,eN5=zz>&8W,lhaddletonig
666,jmelmoreih@phoca.cz,pG1(e)(K)S,gjanaszkiewiczih
667,amccagueii@xrea.com,"kF2&Z)d(,i{O0",jtuffleyii
668,gborrieij@sina.com.cn,"bN3',i%uIjZ",aaptedij
669,cbonhanik@java.com,kT4}(Vu_LLnQ(7,wpyrkeik
670,hleyrroydil@smh.com.au,tX4.PX*/SUeDND.A,nkettellil
671,lpaskinsim@taobao.com,yM5%oZ2g<#N,mquinlanim
672,osreenanin@paginegialle.it,bR7}wj(OuYMu|,dcrawcourin
673,emoubrayio@imgur.com,"fX6{>""tO""b'RX",jchristensenio
674,jcolleteip@soup.io,"dL2<V},!3b",rsorensenip
675,acourtesiq@seesaa.net,"sN8,*CW4TQ5~w&C",rgoodladiq
676,mjendrysir@psu.edu,aA4(9o%>U,dwalkingtonir
677,cpaulusis@ning.com,"qT6!KK8""",lkonzelis
678,jsharplinit@foxnews.com,"qR5,Sm2CpO&PZ\",lmacguffogit
679,phucksteppiu@fc2.com,pL7=atV=}=1,gwackleyiu
680,zdowneiv@buzzfeed.com,oG4/>7o=9>,sluttgeriv
681,ccarnduffiw@ning.com,gI6}PH)&d5%{(,jotsoniw
682,wclarkeix@squarespace.com,fI3}aJ1v|*'2B,gscammondenix
683,ichuteriy@skyrock.com,tM7<Kx<%,ehasluckiy
684,mgrundleiz@hatena.ne.jp,cI2*~OWf,mcunnahiz
685,gchienej0@ucoz.com,wD6)OSpXKHjJ$A,vcornfordj0
686,bfarensj1@answers.com,oB9~IE~+H+,ldecrucej1
687,kveelersj2@freewebs.com,cV2@$<~(36,lblenkinsopj2
688,nheinssenj3@ovh.net,qE0*/9DvWX,ecoanj3
689,tburkertj4@google.cn,rJ8~eu`n,ogierardij4
690,lrignoldesj5@ovh.net,wH2$E*sLdC_,vidillj5
691,msaintepaulj6@xrea.com,wZ5{1l0g,jrentcomej6
692,eleonidaj7@biglobe.ne.jp,nG3}LD*NrZUK*vK|,ckairnsj7
693,mhaxellj8@jalbum.net,uH7/J|(@nx{Q#,pleeburnej8
694,lmughalj9@altervista.org,gJ0?<*%?A\r?,lsarfassj9
695,flongfieldja@wordpress.org,bB4'RKi>s?qvRR,cjohansenja
696,lpeasemanjb@nhs.uk,dR3!Touc4tr\q,tnashjb
697,kespinoyjc@mayoclinic.com,aV9~rn|<Z4/b(0,mhundalljc
698,ksondlandjd@gravatar.com,sM8\(@Sgi~D?,mnaylorjd
699,ereamsje@sbwire.com,zA8'Q3mW#%,ahollingbyje
700,aswinneyjf@va.gov,"eB6%""bq&UTH+",ehallawaysjf
701,jbickerstaffjg@unblog.fr,mV6|!5W?VZP,oerswelljg
702,sdavidofjh@msn.com,uM2%y<'(p*OUS`L,jabbessjh
703,dhamerji@qq.com,cP3&NQcKtrhmg$f,lduffettji
704,rbarentsjj@whitehouse.gov,zR6)Msyawpz,hhaysomjj
705,lwilseyjk@scribd.com,hA1!Jdh&\n|K6),glangstonejk
706,lrigglesfordjl@cdc.gov,dX6(5E*\D4,jspinojl
707,mcoatsjm@ehow.com,zH1&>jK_DCCS@=*,vsilvertonjm
708,mgeekinjn@cdc.gov,"gQ1|r""i&sk{PS)",apacittijn
709,alelandjo@boston.com,cL7>t4.V30,flagejo
710,kmclauchlinjp@ebay.co.uk,aP1$7Y&n,mskermerjp
711,apurcelljq@earthlink.net,dK3~n?sn\ml,dgettingsjq
712,kbremeyerjr@comcast.net,qM5>Z@QJ)Nz,rgreenhowejr
713,kizzettjs@nhs.uk,hY0<L`HFB,ggilhooliejs
714,bposerjt@smugmug.com,aD2~Zqgv8Q0|,dlittleproudjt
715,aknewstubbju@mtv.com,fU7.1*e.OU,svanderplasju
716,dmacgounjv@trellian.com,aD5=@Yt4,atarplyjv
717,umcvickerjw@4shared.com,"rW9%ie`|s""K",mcovingtonjw
718,kkesterjx@amazon.co.jp,yR9%n=$|$`E}$,zdullinghamjx
719,cstoylesjy@imgur.com,"rR3""*6lr\N0",ghorbathjy
720,ldoigejz@g.co,kG0&eW0zkM>3Q,mgouleyjz
721,kcatok0@facebook.com,gN4|bC5#Xd&!R,acantopherk0
722,mduntonk1@spiegel.de,qO4)SS<q~a,amastersk1
723,cprettjohnk2@noaa.gov,kE2%mVS17(,wscaifek2
724,bkingsnorthk3@cbsnews.com,lS9%H<XG#&{Yh,icoleyk3
725,lgrisardk4@wisc.edu,fM8%aPPK92woY$T,abartlomiejczykk4
726,kwitherowk5@behance.net,eT7/R.3jZ,skaysork5
727,sphilippardk6@psu.edu,dQ1`%2YQN(EYzQ,bcarvellk6
728,lewestacek7@woothemes.com,"cV7|}{hC)bi""lhI",ahearndenk7
729,lpaink8@stumbleupon.com,fS7\=.0DMBEli.,mrachuigk8
730,amucillok9@google.com.hk,iJ5\J=vw}y7,rmiddlehurstk9
731,dhitzmannka@123-reg.co.uk,jC3+'3'DX,tsparkwellka
732,rkaskb@newyorker.com,"gT2""B_z6nzek$=u",gminchikb
733,bpearseykc@vinaora.com,"eH5,cE}3XahYK(",bpillingtonkc
734,ebranscombkd@amazon.de,"qD7)u>8``$7(v""0",rlynockkd
735,fmaniloveke@ocn.ne.jp,"hA3@27k3""",cszymanowiczke
736,skarlolczakkf@csmonitor.com,oQ2@CP!I&i,rborgnekf
737,bhalbardkg@cyberchimps.com,tK6*1_n`x8mB,rnavarokg
738,mscibseykh@marriott.com,sX0}fS}jplP8&,ecalbertkh
739,dstiffki@un.org,cA7.Ja`rFIdB,hsawfootki
740,imoldkj@nps.gov,oU1/BbF$M6Vf((,bcapaldikj
741,cbrecknallkk@deviantart.com,mA9!5N`bTJEMlBS_,holdmankk
742,dcanetekl@simplemachines.org,dC8*DUo%,nnorquaykl
743,zboshardkm@mozilla.org,jB6\Y)1_Q_&Tjkz},cryallkm
744,clodekn@soundcloud.com,"wF9}JWR+%""",thuglekn
745,jnormavilleko@vkontakte.ru,"lE8""%3P}5_SAY'q",bburrassko
746,mbachmannkp@seattletimes.com,wJ7?IN?H?@v{(I,cscousekp
747,llourenskq@utexas.edu,lB3)CYPilyBg4l&&,aelfekq
748,rsmicklekr@netlog.com,uV8@~r({0W,rcronkr
749,lgatherks@furl.net,kD6}g*4g7R,fglendinningks
750,mlarchierekt@woothemes.com,mB7>iCx8D=&9#SK,noxbroughkt
751,hthormannku@mayoclinic.com,uC0`9s$&o*=,cfeldbergku
752,mlormankv@nature.com,"qQ0.a$.,",tciccettikv
753,ebarruskw@exblog.jp,"vL9`Os$3,><",gtomasellikw
754,ksattefordkx@dmoz.org,aS0<oZb*c4,taxstonkx
755,eprydeky@macromedia.com,"eG7""ZE~@PFu@y",mgolstonky
756,mswalteridgekz@bloglines.com,bA7/XO}9!`o@)H,jblackborokz
757,rsabatinil0@hostgator.com,yR9.hD`Iorf7d,ibuxsyl0
758,rkingstnel1@nymag.com,cI3_'>g)g,jrollinl1
759,mioselevichl2@opensource.org,qK2<u(`8j&CV#)~,aavramchikl2
760,nburrisl3@nba.com,pB7?)(d5BiSa`Oz,msimonoul3
761,cfoisterl4@alexa.com,oZ2``02%,rbullionl4
762,mgatchelll5@imageshack.us,lC8>x'Mvw<,hbolesl5
763,lpennelll6@google.es,jE6(4(Meo4,ogiraultl6
764,aklimal7@cam.ac.uk,"tY5%t""X%",lcanniffel7
765,scuolahanl8@reference.com,iK5~H#*!t@v5SYG,lmounchl8
766,lfranceschiellil9@pcworld.com,"xY6*4D~"">z#~",rjefferyl9
767,bledwardla@wufoo.com,eP6{Fg(4kp\LfFkg,cjodrellela
768,abadinilb@squarespace.com,dV4/iJ8K,jibbisonlb
769,rdeexlc@nsw.gov.au,"wH6""7Mo}SJ",tjellicolc
770,tspottiswoodeld@i2i.jp,wD4>n&$yJWG=>'?o,ztakosld
771,ddallywaterle@paginegialle.it,rK3(G@DI,tmcteggartle
772,rhierrolf@blog.com,zV4(f8iLa>yE,lgillettlf
773,reydellg@pagesperso-orange.fr,pW3|I'Gx_S}I,mspondleylg
774,gskipplh@illinois.edu,rB7\Cn#QTL%,nbeavenlh
775,boflahertyli@jiathis.com,xX0\S6rFZvh*,gbooteli
776,kgommeslj@ibm.com,"oI1@q8XPsm""Kcg9",nburwinlj
777,ncluelylk@twitpic.com,"kR1~0""MZ",amagovernlk
778,hraineyll@wikia.com,oP6$.dVB)o&xoP,zsheerell
779,prubinsaftlm@umn.edu,gS7{_@7&qg%Z,karchbaldlm
780,bmcgeaneyln@sogou.com,bB1{i0'Htnx0f3,dtoftsln
781,aburtwhistlelo@dailymail.co.uk,"wV4(`pO,QFDm#3u=",clabbezlo
782,kwadesworthlp@ucoz.ru,xD9*FwS=/&So,cfetteplacelp
783,ediegolq@wikispaces.com,nR1(V5d1P*j8g`,mbastinlq
784,sapfelmannlr@reddit.com,fT2*vLhb,cmitchinerlr
785,tbillsls@aol.com,tX5|={>F>s,lsantellols
786,lcasinalt@techcrunch.com,cC3*xPc4k_.\*`?,thackinglt
787,rtiddemanlu@hubpages.com,jU6?ly?Ya+S,jspoltonlu
788,pmabeylv@acquirethisname.com,"nK4<(2dQ|,.LA1",spolandlv
789,jneissenlw@goo.gl,"oI8""sjQT=pdj7|~",mhasemanlw
790,btitherlx@wikipedia.org,uT3#@iUsJV,nrispinlx
791,rmenichilloly@cafepress.com,"tE3""64={(rd5",caishfordly
792,npalkelz@alibaba.com,lM8/'.cxP0h1E,wstowerlz
793,sbarterm0@edublogs.org,"cN7""!n4`OI)5`",cbryantm0
794,iantrobusm1@123-reg.co.uk,kB0<>\u~\fd\>(,krowattm1
795,cgennrichm2@tinypic.com,bR6!s6}cj,dbrunnenm2
796,rbonhommem3@parallels.com,jL2\JArK`K,vlomondm3
797,bdevonaldm4@house.gov,sC9<<E*~yDCIN2,dtansillm4
798,ceschm5@abc.net.au,fI1'#I%oEN<NC,ufanem5
799,bpinarem6@illinois.edu,dL3_Zh=8MPItS,cmccordm6
800,gbramhallm7@devhub.com,"oK1'+o*_,o6}b?{",bfrankowskim7
801,dwindybankm8@seattletimes.com,pG0/bCxh~PZ%>Z,fdoringm8
802,gjennom9@google.com.br,"wI7+6`!*{X,m(I",fhargeriem9
803,msheddma@skyrock.com,wE9=|O1y`K4R,lloydma
804,srozemb@biglobe.ne.jp,"mG2!Y*.=wJ}"".",rfilonieremb
805,kadlingtonmc@pinterest.com,gE8|L=UX+,lsidneymc
806,vpassfieldmd@vinaora.com,eY9{YvKb,dgladwellmd
807,lbraddonme@cbsnews.com,gH8{0(AW&w,wkuhneme
808,tlemanmf@mozilla.com,"aE0>=""BH3~o?)q",dlestrangemf
809,kjunemg@facebook.com,"hO8,cHJPEj1v1kl`",lonionmg
810,jdecrusemh@blogger.com,nJ3.g4UCX,alodekemh
811,mcartwrightmi@amazon.de,wK0!hu`E,tholliermi
812,naxemj@dmoz.org,tY4$KDR$q',agirhardmj
813,msponmk@ucoz.com,"iR1}T4l,U2",wpaulatmk
814,mmcgawnml@wikia.com,iV8_ISR}_0,ilethburyml
815,bruthenmm@ox.ac.uk,"xE8""#)cdKd",acrusmm
816,phalfacremn@aboutads.info,mZ4~1|2zF(|fZM,njandacmn
817,dfoldsmo@youtu.be,xM1)V%@Ry%,lgrosvenormo
818,lridgewaymp@flickr.com,nT3&3_dS1QM{qb,lpendletonmp
819,edesantosmq@house.gov,qG0'%infkrJ'{jm,glujanmq
820,oaylmoremr@census.gov,"yH2""emPG6EZII",bmattusovmr
821,mtorettams@opensource.org,"vU4,k_@&='7m6M3N",ccatoms
822,dbaynonmt@tuttocitta.it,sN0\wo2N,sjoicemt
823,cjorckmu@friendfeed.com,aG8>n||>*B5,mtucknuttmu
824,estammersmv@github.io,kY4_fuaJjI4,drogeronmv
825,rgeeraertmw@etsy.com,zH9\WmzP3W/5Z`,hbelshawmw
826,dbredburymx@wsj.com,tI6@Uz\MsNeP1,jmckillopmx
827,jletessiermy@posterous.com,cX4+c)\!b}73/,ckemmettmy
828,nvasselmz@live.com,hF5!yjrc){y,esomersettmz
829,iripshern0@timesonline.co.uk,tD8/0TfKm*,bmassotn0
830,dfreezorn1@woothemes.com,"eV1`No(""}6<s",mbeddardn1
831,bhammerbergn2@mtv.com,"sC0`g""JvcQhb'",kmcnerlinn2
832,jakselln3@engadget.com,qD9'WXC+z.!s,hbuftonn3
833,cfonen4@gnu.org,fA3@pBbHWr0,rdeveren4
834,csalleryn5@meetup.com,eU7|VN76)&,fdockreen5
835,rstaileyn6@wsj.com,zO4~f?Oe*o4Gj,pferruccin6
836,alawlern7@t-online.de,fI0'/HkUEA}Vi,mpowysn7
837,kbascomben8@moonfruit.com,xP8\I{9+z,jbrownsteinn8
838,bfortinn9@ihg.com,fP5{$T$jI,krosbothamn9
839,djamesonna@si.edu,"hJ6'i@ZH,xT",rrozetna
840,ckerwoodnb@techcrunch.com,kB7(@ZNWD8,mcullefordnb
841,tlambertznc@hao123.com,fL3|qWvBb,brobilartnc
842,gwilloughwaynd@berkeley.edu,sN7=~B~c*t7R<K,jbaignardnd
843,fstammlerne@amazon.com,"gT7,=z_6)",dwookeyne
844,lhempshallnf@de.vu,gK5*fwKCI9QZ!f,jlindemannnf
845,gmaryonng@acquirethisname.com,"kQ5,Y8#/NRvzP",dgoodallng
846,iflorinh@paypal.com,yU3&xn??A5V%9,sbugbeenh
847,djeffreeni@nih.gov,"nN0~Z<Po',%!V$W",magronskini
848,wgorlernj@imageshack.us,"cF4|M/qYP'w0H/,",sjoirisnj
849,alatehousenk@craigslist.org,"lV5}&&""bZDZrSv_%",hblackburnnk
850,ibetsernl@redcross.org,zI5~O}R.!Z0=~z,jspirenl
851,hlindelofnm@quantcast.com,gP6)XHuFDZ7Vm2Ag,lsharplenm
852,gvaleriusnn@odnoklassniki.ru,mD3*G_MUgn,esaterweytenn
853,mlarradno@nhs.uk,lV3/@cMJxWhw,aleavensno
854,rmerrgannp@vinaora.com,"hY9,&*!R",wvallentinnp
855,mlantuffnq@statcounter.com,nO8\9LiV'M%H.P,coloshkinnq
856,ncowardnr@google.cn,gU6>AS_sI,esoapernr
857,prudallns@google.it,lV1'7vjup@eE2j'\,cfawsonns
858,btolcharnt@cbsnews.com,tD4(rs&F.6s2&Khd,vdublinnt
859,hdeathridgenu@twitter.com,kV8@S9vn&_jGWt'x,amussettininu
860,bleethamnv@miibeian.gov.cn,bR0%`yDQ3<w5+RJl,llaightnv
861,kpeppardnw@sourceforge.net,"gV5,Y8Q,6n@87)Q",jclossnw
862,drebillardnx@prweb.com,yH6?lg0~,fclabburnnx
863,ggethinsny@yolasite.com,oF4%w3k?,fherionny
864,ddyersnz@illinois.edu,cJ3\mcA',pcallachernz
865,ccarilloo0@psu.edu,"jU4&I,*U",bpaladinio0
866,wfermero1@earthlink.net,"nG1<,.gUD{'I&j3",bmartignono1
867,gredingo2@google.nl,gX3_iZcfQxSW,tbattersbyo2
868,jdrewetto3@alexa.com,eC8`+qK(Eh/,mmalletratto3
869,dwaistello4@xing.com,zS1@>#Ga,tanteno4
870,btraverso5@mit.edu,xY5?r>.n>,efippo5
871,cridgeo6@unblog.fr,xJ1(`*l=X,eesticko6
872,jnannizzio7@mit.edu,"zR3),r.>2",aschurckeo7
873,wlinsayo8@ifeng.com,gE0`iw7ky,ymcquakero8
874,ltethacoto9@nationalgeographic.com,rV8{5s<QL%Y3xLp,chawkeno9
875,abailesoa@w3.org,yQ9|MRpwfqy58,amccomiskieoa
876,jdebellob@multiply.com,"tI0{RU7GSm,B9O.S",mderobertisob
877,ecastagnetooc@home.pl,tO7(!Ua/g,cnoodsoc
878,mwimsod@skyrock.com,"hI3=T=rSIjj1#,Bx",sbiasiood
879,kcareswelloe@w3.org,zL1$I#ttNz,htomanoe
880,rcianelliof@sina.com.cn,"uC8=6ONa*e.Rpb,",ahoffmanof
881,bgoddardog@comcast.net,aJ3+Qb}&|,troseveareog
882,jmacshaneoh@nih.gov,"aI1(MXf?!>P,S",cgummeoh
883,ddelisleoi@canalblog.com,qX9.Fb?as<v{9b8,bstutardoi
884,shearleoj@google.it,nS6?BT)td_6GenO@,aabbotsonoj
885,dmauvinok@cargocollective.com,bP4%Bw8kT4Fd4|@,kdemitriok
886,aivisonol@pinterest.com,kM6<Q$So,mpeidrool
887,ddashkovichom@psu.edu,jD5*m=OQ(9}8,ejacobowitsom
888,fsilmanon@si.edu,dP3`Lm6Gy,sandrockon
889,cmethvenoo@comsenz.com,"qK0`F""4ChL",tcalloo
890,mnasheop@ameblo.jp,hO9|*+qNaEfuv{z,cleggenop
891,sjentleoq@apple.com,oS7*dy(?|ouOo4O,maltoftsoq
892,ehurleyor@cafepress.com,sL6?&f=$a#W0X,wogroganeor
893,mricardeos@mayoclinic.com,bI9{1u_bz=DBr3*&,rwydos
894,pfloydeot@posterous.com,lH9>aSAc<~@,gmarishenkoot
895,mbellringerou@elpais.com,cD9=P*a'cQd|&.j,rmcilreavyou
896,mcraigmileov@miitbeian.gov.cn,sV4$oqJ5#%c,rdonkersleyov
897,sweyow@sogou.com,zP2$\_u>,fstutardow
898,kbaudassoox@vimeo.com,yE2|AR_P~,fsellarsox
899,skimblenoy@utexas.edu,zJ1'W0'dx,gquakleyoy
900,ddyersoz@wp.com,gS8$7w_Yiq?3k=,tthoumasoz
901,amandalp0@ted.com,uC0@sI4tN<,dcabblep0
902,edoyp1@nbcnews.com,nN1%aEviHZ,msunnucksp1
903,hhabgoodp2@independent.co.uk,"kJ7""O&rW2UUSft",dduffyp2
904,dcastagnep3@wordpress.com,aR9=`F4v#4i($2/c,nschollarp3
905,cmantp4@behance.net,zJ7$XS~g~7hQhZr_,srobinetp4
906,gkermathp5@over-blog.com,"eV0.,_!qH}#JA",ariepelp5
907,lmanuellip6@google.de,sI8.~pQx/+w,syanshonokp6
908,fgrattenp7@sitemeter.com,"oP0|aM<K63d'""",csomertonp7
909,jduerdinp8@google.co.uk,sH6>%3>(aofe,everrillsp8
910,bfellibrandp9@list-manage.com,mY6'/uPS0l)mEN?D,igregoryp9
911,bbuckthorpepa@123-reg.co.uk,eN0>o)Q78aDd%,cparrisspa
912,mdorsaypb@e-recht24.de,kI2~P~6N?4H<i,bwrittlepb
913,eredsellpc@php.net,"dU9.+F,h}a.H",mmaliapc
914,semespd@blogger.com,pY2+71Gh,mdaveranpd
915,bblakebroughpe@google.com.hk,zA2$INNl/z,tiacovinope
916,hquinanepf@etsy.com,xG3'1Rd=}dC4i,nkamenpf
917,cbrimfieldpg@amazon.co.jp,fA2)$DVc|zH.,atruwertpg
918,myewmanph@constantcontact.com,kR8'J~WcdBy7c,aerrichiph
919,cbwyepi@berkeley.edu,cR2(}/rn,gweondpi
920,gstrettlepj@mashable.com,vP9{Qixbv.OLH4W#,wkaveneypj
921,wstreaterpk@wikispaces.com,lG2+TWKqk,yknobellpk
922,caleksidzepl@reference.com,pJ8~@*Cri_yQ%,pambrogettipl
923,msrawleypm@google.co.jp,"tS4!Z2dvfmgF""",arawlynspm
924,mtampionpn@cdbaby.com,iD6!PMl>55uv,kbosomworthpn
925,bsivierpo@google.es,wV8'Aa3NA41k&6`,dbrimmicombepo
926,nhodgenpp@pcworld.com,oJ8'ECNpck,gbutterworthpp
927,ncobonpq@google.pl,eI6*rMYv8m1v,dmilsonpq
928,bcazepr@tumblr.com,fZ4_g.6AglhR,nlachezepr
929,jmasseyps@wix.com,kX0|30_jz%d&(,lfancyps
930,kropartzpt@apache.org,iU4|{CR9Z\>?,astrausspt
931,eenstenpu@irs.gov,"yO9""pKW{zD",smcilvoraypu
932,adukerpv@vistaprint.com,mU2?6zMMauIO,ctunepv
933,smcsparranpw@alexa.com,vC8+)!7kR,cgianolinipw
934,wdobbynpx@tuttocitta.it,sH1!=rv4u@?i{c&,snorfolkpx
935,pnewlandpy@earthlink.net,qF9@ktE{R6,pblumsompy
936,bruscoepz@redcross.org,bD6/}HT)of0fXa`C,wfauguelpz
937,wfidelliq0@comcast.net,"yX2.{7rP6=~{""Z",tguerrazziq0
938,mfrenscheq1@irs.gov,rK5/ma$+C<'5Xk+L,dmacrierieq1
939,mbirchettq2@ezinearticles.com,wE4%(!GV,hhinkinsq2
940,vgrigsq3@constantcontact.com,"vB4<F,$o",bsnarttq3
941,oboijq4@ask.com,fV4|?jAmru}JB#q,asecretq4
942,echristonq5@netscape.com,aG7&1'Lz8Y0cg5,hcheersq5
943,drhydderchq6@blogs.com,oX0(cOhDEeZ0\d||,fgabbitisq6
944,rmerricksq7@amazon.com,mW4*ZLeks9yE4G,jpimlockq7
945,pbroadbentq8@theguardian.com,"hO1.OTWT?sE""<*",pchinnockq8
946,cgiacobazziq9@cbsnews.com,dG2)qojLj,ryakuntsovq9
947,llabordeqa@yelp.com,rH4~ADc'#=ghze,gdrakeleyqa
948,jhariotqb@posterous.com,"eU2}eG4$""Ez",mmaidmentqb
949,sguerreruqc@wikia.com,gJ6#w}z9VRP~,jcurgenuerqc
950,eschniederqd@yellowbook.com,"cP2.'aI*2Gq""kW",cturlqd
951,rlawteyqe@marketwatch.com,vN4/{<Y_S!W7$2,aboydeqe
952,glonglandqf@theatlantic.com,wN2&OegZC\nxlR/,mweatherleyqf
953,pballingerqg@deviantart.com,vJ2>Qg1RF8ucEFY,bdmtrovicqg
954,mfeyqh@soup.io,jJ8(9)'ezL3aZT_l,aschutzeqh
955,gbrunottiqi@163.com,aR4{=WZy@H<Bejj,thakkingqi
956,bdefondqj@ow.ly,xT5$GP(j*M,amcquakerqj
957,jscannellqk@narod.ru,vZ8&X%hN',dbeedenqk
958,lpierrepontql@walmart.com,gS1=5(aW{,schillingsworthql
959,bstillyqm@paginegialle.it,"dH7$,R`@",gmielnikqm
960,fitzhakqn@comcast.net,"zG9,9nD!)K",fskeelsqn
961,ubiaggiqo@loc.gov,jJ1{T$TVX,sbaselioqo
962,aassardqp@quantcast.com,sG2?xUd5vT0ry,cbrumbyeqp
963,lchristaeasqq@seesaa.net,jR4(vA7q,cpaulettoqq
964,obrydenqr@youku.com,cB5=IvM.,oborrowsqr
965,srucklesseqs@blinklist.com,zZ9.$QiN!oLq_,hskaifedingerthorpeqs
966,agouleyqt@ustream.tv,rD2)QlpLqmMU!??2,ksummertonqt
967,wsampsonqu@ustream.tv,eA3!UphW,poatleyqu
968,lcouthqv@e-recht24.de,"iX6""r_IsY|tir,YI",kdudeneyqv
969,sworvellqw@imgur.com,pZ6%P?<%eXMgZ/!X,csekullaqw
970,tmazzeiqx@smugmug.com,hE5(BO{b+,cotuohyqx
971,mbutlandqy@bloglovin.com,"kG3)4p~,Ucj{",gmakeswellqy
972,jbarrellqz@canalblog.com,"iJ6,kp.(",bwitherspoonqz
973,rcracier0@wix.com,uR4$Zyj7uZi~x)8,lgerlerr0
974,gpenhalurickr1@hao123.com,qW7/yt9@e,tshiresr1
975,cbraxtonr2@shop-pro.jp,"tC1_""\eYdO.Is",ucluerr2
976,sargabriter3@hexun.com,"wD5,ub/W",kgudgerr3
977,emoohanr4@dell.com,"xQ2+B?IR1=,.1\",ltruslerr4
978,nblackwellr5@biblegateway.com,aT3{3q39PeC,fsoggr5
979,tmocharr6@engadget.com,"sL0""Q3Dz\WBL/h",ahaggisr6
980,meyrlr7@creativecommons.org,hI7!$>HGz,astokeyr7
981,lglencroscher8@amazon.co.jp,"dC2<(5<~""Bc",efishpooler8
982,ssustinsr9@netvibes.com,oG5>DAuU=,lskader9
983,sricera@sbwire.com,"wN7""G/Wl|<Q""9&3",mdarrigora
984,mthomenrb@goodreads.com,cI5~?Go>9JL,vvanhaeftenrb
985,imontfortrc@myspace.com,zF1/t/nqFBW,scolvinrc
986,cmalcherrd@goo.ne.jp,xC9/DU&Yv{t3,bdaglishrd
987,sallonere@ucsd.edu,qA7(fX<#$,tiggore
988,vbullimorerf@weather.com,tR2@#_l=xnD(,sfatherrf
989,adoctorrg@cisco.com,"vI7_+I/,hl./",msturzakerrg
990,ggherardescirh@icio.us,"kN3""azqeV",jhadcockrh
991,jetheredgeri@dot.gov,gN1>Ukkx=F,sfirpori
992,nguiduccirj@hugedomains.com,"nS5<=.zGz""5I7Y}",cdrinnanrj
993,rpfaffrk@google.nl,"uQ2,{oyU",llarrosark
994,colliganrl@uol.com.br,hT2$4>5XdCA,vscipseyrl
995,hmccrearm@archive.org,rH1)Kwet>,atattonrm
996,ekibbyern@bravesites.com,dN1}|Q/i|wNOc>,pcostanzarn
997,nmeasro@theatlantic.com,tG6~PN{C&w!Z{7pm,glethcoero
998,vollifferp@jimdo.com,kW4@LS+mQ8k'$Khc,dvellarp
999,khennerrq@addtoany.com,aH9>4%<7jtymt,kspellworthrq
1000,rpavlovskyrr@posterous.com,"sB5$""}yoY8\<j0",ahoodlessrr
